{"schemaVersion":"1.0","appDefinitionTemplate":{"id":"/providers/Microsoft.PowerApps/apps/","type":"Microsoft.PowerApps/apps","tags":{"primaryDeviceWidth":"1366","primaryDeviceHeight":"768","supportsPortrait":"true","supportsLandscape":"true","primaryFormFactor":"Tablet","publisherVersion":"3.22072.25","minimumRequiredApiVersion":"2.2.0","hasComponent":"false","hasUnlockedComponent":"false","isUnifiedRootApp":"false","sienaVersion":"20220801T113330Z-3.22072.25.0"},"properties":{"appVersion":"2022-08-01T11:33:30Z","lifeCycleId":"Published","createdByClientVersion":{"major":3,"minor":22072,"build":25,"revision":0,"majorRevision":0,"minorRevision":0},"minClientVersion":{"major":3,"minor":22072,"build":25,"revision":0,"majorRevision":0,"minorRevision":0},"backgroundColor":"RGBA(0,176,240,1)","backgroundImageUri":"/2587932592213559487/Nfc9ffd5f-f448-42d5-b51a-9509d84ab957-logoSmallFile","displayName":"SharePoint_List_Pagination","description":"","commitMessage":"","appUris":{"documentUri":{"value":"/2587932592213559487/N9680db54-30f0-42d3-accc-09862eaedd49-document.msapp"},"imageUris":[],"additionalUris":[]},"createdTime":"0001-01-01T00:00:00Z","lastModifiedTime":"0001-01-01T00:00:00Z","sharedGroupsCount":0,"sharedUsersCount":0,"icons":{"smallIconUri":"/2587932592213559487/N3049487f-5e27-4ddd-939c-7bd1b548c066-small.png","mediumIconUri":"/2587932592213559487/N5ec04e0d-e719-443a-9e54-af6e0719a5b3-medium.png","largeIconUri":"/2587932592213559487/N2ae82926-abe3-4695-a777-0e9e0303c2e7-large.png","wideIconUri":"/2587932592213559487/N734283fa-3ee5-447d-beb6-75ae98deb227-wide.png"},"connectionReferences":{"2322603f-deea-4512-bf83-9c519ebbffcb":{"id":"65ae3966-fce6-4d06-ac4b-a5e8646c8740","displayName":"SharePoint","iconUri":"https://connectoricons-prod.azureedge.net/releases/v1.0.1588/1.0.1588.2938/sharepointonline/icon.png","dataSources":["testAD"],"dependencies":[],"dependents":["59719b4b-7235-4ef8-810e-0ef421b35b0f"],"parameterHints":{},"parameterHintsV2":{},"isOnPremiseConnection":false,"bypassConsent":false,"dataSets":{"https://dynftegcr.sharepoint.com/sites/testFlow":{"dataSources":{"testAD":{"tableName":"0b880913-5004-4e5a-9b12-12f50d86d6b5"}}}},"apiTier":"Standard","isCustomApiConnection":false,"actions":["providers/PowerPlatform.Governance/Operations/Read"]},"59719b4b-7235-4ef8-810e-0ef421b35b0f":{"id":"34cbf72b-6cdf-4143-84b6-aac7166aecd7","displayName":"Logic flows","iconUri":"https://connectoricons-prod.azureedge.net/releases/v1.0.1534/1.0.1534.2605/logicflows/icon.png","dataSources":["SharePoint_List_Pagination"],"dependencies":["2322603f-deea-4512-bf83-9c519ebbffcb"],"dependents":[],"parameterHints":{"workflowName":{"value":"3426907f-64e1-444b-a68b-6f7b4846c812"},"workflowEntityId":{},"2322603f-deea-4512-bf83-9c519ebbffcb":{"value":"shared_sharepointonline"}},"parameterHintsV2":{"workflowName":{"value":"3426907f-64e1-444b-a68b-6f7b4846c812"},"workflowEntityId":{},"shared_sharepointonline":{"value":"2322603f-deea-4512-bf83-9c519ebbffcb"}},"isOnPremiseConnection":false,"bypassConsent":false,"dataSets":{},"apiTier":"Standard","isCustomApiConnection":false,"actions":["Run"],"nestedActions":[{"id":"/providers/Microsoft.PowerApps/apis/shared_sharepointonline/apiOperations/GetItems","apiName":"SharePoint","actionName":"GetItems","referencedResources":[{"key":"site","value":"https://dynftegcr.sharepoint.com/sites/testFlow"},{"key":"list","value":"0b880913-5004-4e5a-9b12-12f50d86d6b5"}]}]}},"databaseReferences":{},"almMode":"Solution","performanceOptimizationEnabled":true,"canConsumeAppPass":true,"executionRestrictions":{"isTeamsOnly":false,"dataLossPreventionEvaluationResult":{"status":"Compliant","lastEvaluationDate":"2022-08-01T11:33:56.635045Z","violations":[],"violationsByPolicy":[],"violationErrorMessage":"The app uses the following connectors: shared_sharepointonline, shared_logicflows."},"httpActionRestriction":{"appUsesSharepointHttpAction":false,"enforcementStrategy":"Legacy","evaluationTime":"2022-08-01T11:33:56.6349399Z"}}},"appType":"ClassicCanvasApp","appComponents":[]}}