{"name":"f6d8e5f9-e56d-446b-ae4d-fcb448479c66","id":"/providers/Microsoft.Flow/flows/f6d8e5f9-e56d-446b-ae4d-fcb448479c66","type":"Microsoft.Flow/flows","properties":{"apiId":"/providers/Microsoft.PowerApps/apis/shared_logicflows","displayName":"testSPMergeAndCreateBigFle","definition":{"metadata":{"workflowEntityId":null,"processAdvisorMetadata":null,"flowChargedByPaygo":null,"flowclientsuspensionreason":"None","flowclientsuspensiontime":null,"flowclientsuspensionreasondetails":"","creator":{"id":"f0b9896b-33a7-4066-97da-c4986bccd3cc","type":"User","tenantId":"d98fb82e-3c2c-4e5f-9c1d-c29bdd0be80c"},"provisioningMethod":"FromDefinition","failureAlertSubscription":true,"clientLastModifiedTime":"2023-05-24T05:48:36.7963586Z"},"$schema":"https://schema.management.azure.com/providers/Microsoft.Logic/schemas/2016-06-01/workflowdefinition.json#","contentVersion":"1.0.0.0","parameters":{"$connections":{"defaultValue":{},"type":"Object"},"$authentication":{"defaultValue":{},"type":"SecureObject"}},"triggers":{"manual":{"metadata":{"operationMetadataId":"5259a8f5-5695-4daa-acd3-bcd485f230cc"},"type":"Request","kind":"Button","inputs":{"schema":{"type":"object","properties":{},"required":[]}}}},"actions":{"Create_file":{"runAfter":{"Compose":["Succeeded"]},"metadata":{"operationMetadataId":"680a92b6-318c-41ec-b93e-7b5993c79bb9"},"type":"OpenApiConnection","inputs":{"host":{"apiId":"/providers/Microsoft.PowerApps/apis/shared_sharepointonline","connectionName":"shared_sharepointonline","operationId":"CreateFile"},"parameters":{"dataset":"https://dynftegcr.sharepoint.com/sites/testFlow","folderPath":"/Shared Documents","name":"@{utcNow()}.csv","body":"@body('Compose')"},"authentication":{"value":"@json(decodeBase64(triggerOutputs().headers['X-MS-APIM-Tokens']))['$ConnectionKey']","type":"Raw"}},"runtimeConfiguration":{"contentTransfer":{"transferMode":"Chunked"}}},"Compose":{"runAfter":{"Merge":["Succeeded"]},"metadata":{"operationMetadataId":"5e324e71-1818-4074-a345-a9dc0410a116"},"type":"Compose","inputs":{"body":"@outputs('Merge')"}},"Get_file_content":{"runAfter":{},"metadata":{"%252fTBD%252f800000%2bSales%2bRecords%2b1.csv":"/TBD/800000 Sales Records 1.csv","operationMetadataId":"2d281164-fefd-4874-829d-b089c2a0be3a"},"type":"OpenApiConnection","inputs":{"host":{"apiId":"/providers/Microsoft.PowerApps/apis/shared_sharepointonline","connectionName":"shared_sharepointonline","operationId":"GetFileContent"},"parameters":{"dataset":"https://dynftegcr.sharepoint.com/sites/testFlow","id":"%252fTBD%252f800000%2bSales%2bRecords%2b1.csv","inferContentType":true},"authentication":{"value":"@json(decodeBase64(triggerOutputs().headers['X-MS-APIM-Tokens']))['$ConnectionKey']","type":"Raw"}}},"Get_file_content_2":{"runAfter":{"Get_file_content":["Succeeded"]},"metadata":{"%252fTBD%252f800000%2bSales%2bRecords%2b2.csv":"/TBD/800000 Sales Records 2.csv","operationMetadataId":"f3f19a75-f758-4442-9c36-f4fda49612bc"},"type":"OpenApiConnection","inputs":{"host":{"apiId":"/providers/Microsoft.PowerApps/apis/shared_sharepointonline","connectionName":"shared_sharepointonline","operationId":"GetFileContent"},"parameters":{"dataset":"https://dynftegcr.sharepoint.com/sites/testFlow","id":"%252fTBD%252f800000%2bSales%2bRecords%2b2.csv","inferContentType":true},"authentication":{"value":"@json(decodeBase64(triggerOutputs().headers['X-MS-APIM-Tokens']))['$ConnectionKey']","type":"Raw"}}},"Get_file_content_3":{"runAfter":{"Get_file_content_2":["Succeeded"]},"metadata":{"%252fTBD%252f800000%2bSales%2bRecords%2b3.csv":"/TBD/800000 Sales Records 3.csv","operationMetadataId":"87446497-0e99-4073-ac22-37a7241b3165"},"type":"OpenApiConnection","inputs":{"host":{"apiId":"/providers/Microsoft.PowerApps/apis/shared_sharepointonline","connectionName":"shared_sharepointonline","operationId":"GetFileContent"},"parameters":{"dataset":"https://dynftegcr.sharepoint.com/sites/testFlow","id":"%252fTBD%252f800000%2bSales%2bRecords%2b3.csv","inferContentType":true},"authentication":{"value":"@json(decodeBase64(triggerOutputs().headers['X-MS-APIM-Tokens']))['$ConnectionKey']","type":"Raw"}}},"Merge":{"runAfter":{"Get_file_content_3":["Succeeded"]},"metadata":{"operationMetadataId":"205c2122-5b41-4534-9558-6e28e7a32251"},"type":"Compose","inputs":"@{base64ToString(outputs('Get_file_content')?['body']['$content'])}@{skip(base64ToString(outputs('Get_file_content_2')?['body']['$content']),add(indexOf(base64ToString(outputs('Get_file_content_2')?['body']['$content']),'region'),1))}@{skip(base64ToString(outputs('Get_file_content_3')?['body']['$content']),add(indexOf(base64ToString(outputs('Get_file_content_2')?['body']['$content']),'region'),1))}"}}},"connectionReferences":{"shared_sharepointonline":{"connectionName":"0164108693e14f8380f9f2e5b7c557bd","source":"Invoker","id":"/providers/Microsoft.PowerApps/apis/shared_sharepointonline","tier":"NotSpecified"}},"flowFailureAlertSubscribed":false,"isManaged":false}}