{"name":"5d760e01-8aa6-436b-9279-12d8c3f71983","id":"/providers/Microsoft.Flow/flows/5d760e01-8aa6-436b-9279-12d8c3f71983","type":"Microsoft.Flow/flows","properties":{"apiId":"/providers/Microsoft.PowerApps/apis/shared_logicflows","displayName":"testListFlowRunHistory","definition":{"metadata":{"workflowEntityId":null,"processAdvisorMetadata":null,"flowChargedByPaygo":null,"flowclientsuspensionreason":"None","flowclientsuspensiontime":null,"flowclientsuspensionreasondetails":null,"creator":{"id":"f0b9896b-33a7-4066-97da-c4986bccd3cc","type":"User","tenantId":"d98fb82e-3c2c-4e5f-9c1d-c29bdd0be80c"},"provisioningMethod":"FromDefinition","failureAlertSubscription":true,"clientLastModifiedTime":"2023-05-25T02:36:57.2714524Z"},"$schema":"https://schema.management.azure.com/providers/Microsoft.Logic/schemas/2016-06-01/workflowdefinition.json#","contentVersion":"1.0.0.0","parameters":{"$connections":{"defaultValue":{},"type":"Object"},"$authentication":{"defaultValue":{},"type":"SecureObject"}},"triggers":{"manual":{"metadata":{"operationMetadataId":"171f9795-37a8-405d-932c-88309a227bff"},"type":"Request","kind":"Button","inputs":{"schema":{"type":"object","properties":{},"required":[]}}}},"actions":{"Do_until":{"actions":{"Invoke_an_HTTP_request":{"runAfter":{},"metadata":{"operationMetadataId":"95356edf-39ed-4e1d-8d32-6f255f474f4f"},"type":"OpenApiConnection","inputs":{"host":{"apiId":"/providers/Microsoft.PowerApps/apis/shared_webcontents","connectionName":"shared_webcontents_1","operationId":"InvokeHttp"},"parameters":{"request/method":"GET","request/url":"@variables('NextLink')"},"authentication":{"value":"@json(decodeBase64(triggerOutputs().headers['X-MS-APIM-Tokens']))['$ConnectionKey']","type":"Raw"}}},"Apply_to_each_2":{"foreach":"@body('Invoke_an_HTTP_request')['value']","actions":{"Invoke_an_HTTP_request_2":{"runAfter":{},"metadata":{"operationMetadataId":"5b471dc7-80f0-4abc-8b3b-b90f8f77a148"},"type":"OpenApiConnection","inputs":{"host":{"apiId":"/providers/Microsoft.PowerApps/apis/shared_webcontents","connectionName":"shared_webcontents_1","operationId":"InvokeHttp"},"parameters":{"request/method":"GET","request/url":"https://api.flow.microsoft.com/providers/Microsoft.ProcessSimple/environments/@{variables('Environment')}/flows/@{variables('FlowID')}/runs/@{items('Apply_to_each_2')['name']}?$expand=properties%2Factions,properties%2Fflow&api-version=2016-11-01&include=repetitionCount"},"authentication":{"value":"@json(decodeBase64(triggerOutputs().headers['X-MS-APIM-Tokens']))['$ConnectionKey']","type":"Raw"}}}},"runAfter":{"Set_variable":["Succeeded"]},"metadata":{"operationMetadataId":"3b8569d4-e277-449b-8ea1-76df0beaf102"},"type":"Foreach"},"Set_variable":{"runAfter":{"Parse_JSON":["Succeeded"]},"metadata":{"operationMetadataId":"542dd800-632a-4370-af8a-8ab575a08aad"},"type":"SetVariable","inputs":{"name":"NextLink","value":"@body('Parse_JSON')?['nextLink']"}},"Parse_JSON":{"runAfter":{"Invoke_an_HTTP_request":["Succeeded"]},"metadata":{"operationMetadataId":"257a3217-bb12-446e-8e13-4b37a9f11701"},"type":"ParseJson","inputs":{"content":"@body('Invoke_an_HTTP_request')","schema":{"type":"object","properties":{"value":{"type":"array","items":{"type":"object","properties":{"name":{"type":"string"},"id":{"type":"string"},"type":{"type":"string"},"properties":{"type":"object","properties":{"startTime":{"type":"string"},"status":{"type":"string"},"correlation":{"type":"object","properties":{"clientTrackingId":{"type":"string"}}},"trigger":{"type":"object","properties":{"name":{"type":"string"},"inputsLink":{"type":"object","properties":{"uri":{"type":"string"},"contentVersion":{"type":"string"},"contentSize":{"type":"integer"},"contentHash":{"type":"object","properties":{"algorithm":{"type":"string"},"value":{"type":"string"}}}}},"outputsLink":{"type":"object","properties":{"uri":{"type":"string"},"contentVersion":{"type":"string"},"contentSize":{"type":"integer"},"contentHash":{"type":"object","properties":{"algorithm":{"type":"string"},"value":{"type":"string"}}}}},"startTime":{"type":"string"},"endTime":{"type":"string"},"originHistoryName":{"type":"string"},"correlation":{"type":"object","properties":{"clientTrackingId":{"type":"string"}}},"status":{"type":"string"}}}}}},"required":["name","id","type","properties"]}},"nextLink":{"type":"string"}}}}}},"runAfter":{"Initialize_variable":["Succeeded"]},"expression":"@equals(variables('NextLink'), '')","limit":{"count":5000,"timeout":"PT4M"},"metadata":{"operationMetadataId":"a460df4a-8661-4db9-a40c-bf4baabfa8f7"},"type":"Until"},"Initialize_variable":{"runAfter":{"FlowID":["Succeeded"]},"metadata":{"operationMetadataId":"d22f44e2-a74a-41ab-9957-8c5130723a17"},"type":"InitializeVariable","inputs":{"variables":[{"name":"NextLink","type":"string","value":"https://api.flow.microsoft.com/providers/Microsoft.ProcessSimple/environments/@{variables('Environment')}/flows/@{variables('FlowID')}/runs?api-version=2016-11-01"}]}},"FlowID":{"runAfter":{"EnvironmentID":["Succeeded"]},"metadata":{"operationMetadataId":"b32a7993-cd57-4ac3-961b-4c8e37b3279d"},"type":"InitializeVariable","inputs":{"variables":[{"name":"FlowID","type":"string","value":"0f2d8128-6162-49be-b3cf-c47d00393ecd"}]}},"EnvironmentID":{"runAfter":{},"metadata":{"operationMetadataId":"3750945b-e7eb-4e22-991b-ea39f995bd47"},"type":"InitializeVariable","inputs":{"variables":[{"name":"Environment","type":"string","value":"6ee2360a-cf1a-4837-bfe0-ded359d8b170"}]}}}},"connectionReferences":{"shared_webcontents_1":{"connectionName":"shared-webcontents-dc0f2093-a98c-45be-a4a4-6bdcd18289dd","source":"Invoker","id":"/providers/Microsoft.PowerApps/apis/shared_webcontents","tier":"NotSpecified"}},"flowFailureAlertSubscribed":false,"isManaged":false}}