{"name":"47b7cebb-d4c2-4793-8a2c-f7a71957ef31","id":"/providers/Microsoft.Flow/flows/47b7cebb-d4c2-4793-8a2c-f7a71957ef31","type":"Microsoft.Flow/flows","properties":{"apiId":"/providers/Microsoft.PowerApps/apis/shared_logicflows","displayName":"Extract_Lookup_Value_From_SharePoint_List_By_Xpath","definition":{"metadata":{"workflowEntityId":null,"processAdvisorMetadata":null,"flowclientsuspensionreason":"None","flowclientsuspensiontime":null,"flowclientsuspensionreasondetails":null,"creator":{"id":"f0b9896b-33a7-4066-97da-c4986bccd3cc","type":"User","tenantId":"d98fb82e-3c2c-4e5f-9c1d-c29bdd0be80c"},"provisioningMethod":"FromDefinition","failureAlertSubscription":true,"clientLastModifiedTime":"2022-08-07T01:55:19.9786292Z"},"$schema":"https://schema.management.azure.com/providers/Microsoft.Logic/schemas/2016-06-01/workflowdefinition.json#","contentVersion":"1.0.0.0","parameters":{"$connections":{"defaultValue":{},"type":"Object"},"$authentication":{"defaultValue":{},"type":"SecureObject"}},"triggers":{"When_an_item_is_created":{"recurrence":{"frequency":"Minute","interval":1},"splitOn":"@triggerOutputs()?['body/value']","metadata":{"operationMetadataId":"0748aa0f-0c07-4d54-934c-fcc467bb63a7"},"type":"OpenApiConnection","inputs":{"host":{"apiId":"/providers/Microsoft.PowerApps/apis/shared_sharepointonline","connectionName":"shared_sharepointonline","operationId":"GetOnNewItems"},"parameters":{"dataset":"https://dynftegcr.sharepoint.com/sites/testFlow","table":"1fb949df-cde5-46d1-94df-3a079fc5e0ca"},"authentication":"@parameters('$authentication')"}}},"actions":{"Select":{"runAfter":{"Get_item":["Succeeded"]},"metadata":{"operationMetadataId":"59927f42-fb8f-4c36-b1f6-77b195595c7d"},"type":"Select","inputs":{"from":["@body('Get_item')"],"select":{"LP":"@xpath(xml(json(concat('{\"body\":{\"value\":', item()?['LP'], '}}'))), '/body/value/Value/text()')","Manager":"@xpath(xml(json(concat('{\"body\":{\"value\":', item()?['LP_x003a_Manager'], '}}'))), '/body/value/Value/text()')"}}},"Create_HTML_table":{"runAfter":{"Apply_to_each":["Succeeded"]},"metadata":{"operationMetadataId":"205e6495-fa11-43c0-8405-3f13f45adecd"},"type":"Table","inputs":{"from":"@variables('DataArr')","format":"HTML"}},"Get_item":{"runAfter":{},"metadata":{"operationMetadataId":"8282dea1-ad6d-434b-b470-70edf4759575"},"type":"OpenApiConnection","inputs":{"host":{"apiId":"/providers/Microsoft.PowerApps/apis/shared_sharepointonline","connectionName":"shared_sharepointonline","operationId":"GetItem"},"parameters":{"dataset":"https://dynftegcr.sharepoint.com/sites/testFlow","table":"1fb949df-cde5-46d1-94df-3a079fc5e0ca","id":"@triggerOutputs()?['body/ID']"},"authentication":"@parameters('$authentication')"}},"Compose_CSS":{"runAfter":{"Create_HTML_table":["Succeeded"]},"metadata":{"operationMetadataId":"6880cd32-dd8e-4663-9b68-199b8e48bfc3"},"type":"Compose","inputs":"<style>\ntable, th, td {\n  border: 1px solid black;\n}\n</style>"},"Send_an_email_(V2)":{"runAfter":{"Compose_CSS":["Succeeded"]},"metadata":{"operationMetadataId":"12f54d68-750f-4dd0-8152-61d6fb8083d3"},"type":"OpenApiConnection","inputs":{"host":{"apiId":"/providers/Microsoft.PowerApps/apis/shared_office365","connectionName":"shared_office365","operationId":"SendEmailV2"},"parameters":{"emailMessage/To":"jianxu1@dynftegcr.onmicrosoft.com","emailMessage/Subject":"test","emailMessage/Body":"@{outputs('Compose_CSS')}@{body('Create_HTML_table')}","emailMessage/Importance":"Normal"},"authentication":"@parameters('$authentication')"}},"Parse_JSON":{"runAfter":{"Select":["Succeeded"]},"metadata":{"operationMetadataId":"56e7d7b3-dae5-45e2-8f51-6ebb09827358"},"type":"ParseJson","inputs":{"content":"@body('Select')?[0]","schema":{"type":"object","properties":{"LP":{"type":"array","items":{"type":"string"}},"Manager":{"type":"array","items":{"type":"string"}}}}}},"Initialize_variable":{"runAfter":{"Parse_JSON":["Succeeded"]},"metadata":{"operationMetadataId":"a2e6ccad-43ec-4262-93b8-a5e78f735279"},"type":"InitializeVariable","inputs":{"variables":[{"name":"LP","type":"array","value":"@body('Parse_JSON')?['LP']"}]}},"Initialize_variable_2":{"runAfter":{"Initialize_variable":["Succeeded"]},"metadata":{"operationMetadataId":"f7cf2cf5-9428-4268-a4d6-9be6c99212a3"},"type":"InitializeVariable","inputs":{"variables":[{"name":"Manager","type":"array","value":"@body('Parse_JSON')?['Manager']"}]}},"Apply_to_each":{"foreach":"@variables('Manager')","actions":{"Compose_3":{"runAfter":{},"metadata":{"operationMetadataId":"d00aabb1-6bff-4fda-bba6-2ab838e50a18"},"type":"Compose","inputs":{"LP":"@variables('LP')?[variables('Index')]","Manager":"@variables('Manager')?[variables('Index')]"}},"Increment_variable":{"runAfter":{"Append_to_array_variable":["Succeeded"]},"metadata":{"operationMetadataId":"a0a2f0d3-479c-4633-950e-530cd6eef95d"},"type":"IncrementVariable","inputs":{"name":"Index","value":1}},"Append_to_array_variable":{"runAfter":{"Compose_3":["Succeeded"]},"metadata":{"operationMetadataId":"f3d8ce40-05ab-49ee-9dff-c162799d9b2b"},"type":"AppendToArrayVariable","inputs":{"name":"DataArr","value":"@outputs('Compose_3')"}}},"runAfter":{"Initialize_variable_4":["Succeeded"]},"metadata":{"operationMetadataId":"a4f9b58d-bf80-4b61-998c-e5c227b8474b"},"type":"Foreach"},"Initialize_variable_3":{"runAfter":{"Initialize_variable_2":["Succeeded"]},"metadata":{"operationMetadataId":"1a8c4460-b3ce-4db5-ae0a-937c0ce124c6"},"type":"InitializeVariable","inputs":{"variables":[{"name":"Index","type":"integer","value":0}]}},"Initialize_variable_4":{"runAfter":{"Initialize_variable_3":["Succeeded"]},"metadata":{"operationMetadataId":"f8974299-46b9-42b6-8ad0-b472e753b8b4"},"type":"InitializeVariable","inputs":{"variables":[{"name":"DataArr","type":"array"}]}}}},"connectionReferences":{"shared_sharepointonline":{"connectionName":"0164108693e14f8380f9f2e5b7c557bd","source":"Embedded","id":"/providers/Microsoft.PowerApps/apis/shared_sharepointonline","tier":"NotSpecified"},"shared_office365":{"connectionName":"bd4e251608b5435dacac1060611336b5","source":"Embedded","id":"/providers/Microsoft.PowerApps/apis/shared_office365","tier":"NotSpecified"}},"flowFailureAlertSubscribed":false,"isManaged":false}}