{"name":"bde394f2-b2a2-435e-bbc4-5af1eace49bd","id":"/providers/Microsoft.Flow/flows/bde394f2-b2a2-435e-bbc4-5af1eace49bd","type":"Microsoft.Flow/flows","properties":{"apiId":"/providers/Microsoft.PowerApps/apis/shared_logicflows","displayName":"Download File From Dataverse","definition":{"metadata":{"workflowEntityId":null,"processAdvisorMetadata":null,"flowclientsuspensionreason":"None","flowclientsuspensiontime":null,"flowclientsuspensionreasondetails":null,"creator":{"id":"f0b9896b-33a7-4066-97da-c4986bccd3cc","type":"User","tenantId":"d98fb82e-3c2c-4e5f-9c1d-c29bdd0be80c"},"provisioningMethod":"FromDefinition","failureAlertSubscription":true,"clientLastModifiedTime":"2022-08-06T01:51:58.3885842Z"},"$schema":"https://schema.management.azure.com/providers/Microsoft.Logic/schemas/2016-06-01/workflowdefinition.json#","contentVersion":"1.0.0.0","parameters":{"$connections":{"defaultValue":{},"type":"Object"},"$authentication":{"defaultValue":{},"type":"SecureObject"}},"triggers":{"manual":{"metadata":{"operationMetadataId":"7517785b-ba87-4ad4-b77a-441b59ce8496"},"type":"Request","kind":"PowerAppV2","inputs":{"schema":{"type":"object","properties":{},"required":[]}}}},"actions":{"Download_a_file_or_an_image":{"runAfter":{},"metadata":{"operationMetadataId":"e13386f9-355b-49ef-926d-4c0592461ddc"},"type":"OpenApiConnection","inputs":{"host":{"apiId":"/providers/Microsoft.PowerApps/apis/shared_commondataserviceforapps","connectionName":"shared_commondataserviceforapps","operationId":"GetEntityFileImageFieldContent"},"parameters":{"entityName":"cr971_testtables","recordId":"c2917ae4-1496-ec11-b400-000d3a85345d","fileImageFieldName":"cr971_data"},"authentication":"@parameters('$authentication')"}},"Respond_to_a_PowerApp_or_flow":{"runAfter":{"Download_a_file_or_an_image":["Succeeded"]},"metadata":{"operationMetadataId":"64d67990-a3f5-41bf-9053-ba0563d48c74"},"type":"Response","kind":"PowerApp","inputs":{"statusCode":200,"body":{"file":"@{outputs('Download_a_file_or_an_image')?['body']['$content']}"},"schema":{"type":"object","properties":{"file":{"title":"file","x-ms-dynamically-added":true,"type":"string"}}}}}}},"connectionReferences":{"shared_commondataserviceforapps":{"connectionName":"shared-commondataser-c6cb6494-e7c2-40bf-9c16-024f32d4df11","source":"Embedded","id":"/providers/Microsoft.PowerApps/apis/shared_commondataserviceforapps","tier":"NotSpecified"}},"flowFailureAlertSubscribed":false,"isManaged":false}}