{"name":"217c714c-41f9-4840-82d2-428f2d6797f0","id":"/providers/Microsoft.Flow/flows/217c714c-41f9-4840-82d2-428f2d6797f0","type":"Microsoft.Flow/flows","properties":{"apiId":"/providers/Microsoft.PowerApps/apis/shared_logicflows","displayName":"SharePoint_List_Pagination","definition":{"metadata":{"workflowEntityId":null,"processAdvisorMetadata":null,"flowclientsuspensionreason":"None","flowclientsuspensiontime":null,"flowclientsuspensionreasondetails":null,"creator":{"id":"f0b9896b-33a7-4066-97da-c4986bccd3cc","type":"User","tenantId":"d98fb82e-3c2c-4e5f-9c1d-c29bdd0be80c"},"provisioningMethod":"FromDefinition","failureAlertSubscription":true,"clientLastModifiedTime":"2022-08-03T01:18:12.0156862Z"},"$schema":"https://schema.management.azure.com/providers/Microsoft.Logic/schemas/2016-06-01/workflowdefinition.json#","contentVersion":"1.0.0.0","parameters":{"$connections":{"defaultValue":{},"type":"Object"},"$authentication":{"defaultValue":{},"type":"SecureObject"}},"triggers":{"manual":{"metadata":{"operationMetadataId":"c3c1f3b4-bbf9-42a6-a3d2-0b9565ff98cd"},"type":"Request","kind":"PowerApp","inputs":{"schema":{"type":"object","properties":{"PageSize_Inputs":{"type":"any","description":"Inputs","x-ms-powerflows-param-ispartial":false},"StartItemID_Inputs":{"type":"any","description":"Inputs","x-ms-powerflows-param-ispartial":false}},"required":["PageSize_Inputs","StartItemID_Inputs"]}}}},"actions":{"Get_items":{"runAfter":{"StartItemID":["Succeeded"]},"metadata":{"operationMetadataId":"20d6d4af-7aaa-4430-928f-9d02ad911452"},"type":"OpenApiConnection","inputs":{"host":{"apiId":"/providers/Microsoft.PowerApps/apis/shared_sharepointonline","connectionName":"shared_sharepointonline","operationId":"GetItems"},"parameters":{"dataset":"https://dynftegcr.sharepoint.com/sites/testFlow","table":"0b880913-5004-4e5a-9b12-12f50d86d6b5","$filter":"ID gt @{outputs('StartItemID')}","$top":"@outputs('PageSize')"},"authentication":{"value":"@json(decodeBase64(triggerOutputs().headers['X-MS-APIM-Tokens']))['$ConnectionKey']","type":"Raw"}}},"PageSize":{"runAfter":{},"metadata":{"operationMetadataId":"bd492b66-ce1d-4184-9961-e692778dc1a8"},"type":"Compose","inputs":"@triggerBody()['PageSize_Inputs']"},"StartItemID":{"runAfter":{"PageSize":["Succeeded"]},"metadata":{"operationMetadataId":"5d6e9102-47c6-47d9-9332-f6685ab44585"},"type":"Compose","inputs":"@triggerBody()['StartItemID_Inputs']"},"Select":{"runAfter":{"Get_items":["Succeeded"]},"metadata":{"operationMetadataId":"d9c1bdbb-ca02-4949-a8ba-d1712699a8f6"},"type":"Select","inputs":{"from":"@outputs('Get_items')?['body/value']","select":{"Title":"@item()?['Title']","ID":"@item()?['ID']"}}},"Respond_to_a_PowerApp_or_flow":{"runAfter":{"Select":["Succeeded"]},"metadata":{"operationMetadataId":"d1edefb4-659e-420d-9ca4-e8c3ea231a66"},"type":"Response","kind":"PowerApp","inputs":{"statusCode":200,"body":{"response":"@{body('Select')}"},"schema":{"type":"object","properties":{"response":{"title":"response","x-ms-dynamically-added":true,"type":"string"}}}}}}},"connectionReferences":{"shared_sharepointonline":{"connectionName":"0164108693e14f8380f9f2e5b7c557bd","source":"Invoker","id":"/providers/Microsoft.PowerApps/apis/shared_sharepointonline","tier":"NotSpecified"}},"flowFailureAlertSubscribed":false,"isManaged":false}}