<ImportExportXml xmlns:xsi="http://www.w3.org/2001/XMLSchema-instance">
  <Entities></Entities>
  <Roles></Roles>
  <Workflows></Workflows>
  <FieldSecurityProfiles></FieldSecurityProfiles>
  <Templates />
  <EntityMaps />
  <EntityRelationships />
  <OrganizationSettings />
  <optionsets />
  <CustomControls />
  <EntityDataProviders />
  <CanvasApps>
    <CanvasApp>
      <Name>new_sharepointlistpagination_0fe16</Name>
      <AppVersion>2022-08-01T11:33:30Z</AppVersion>
      <Status>Ready</Status>
      <CreatedByClientVersion>3.22072.25.0</CreatedByClientVersion>
      <MinClientVersion>3.22072.25.0</MinClientVersion>
      <Tags>{"primaryDeviceWidth":"1366","primaryDeviceHeight":"768","supportsPortrait":"true","supportsLandscape":"true","primaryFormFactor":"Tablet","publisherVersion":"3.22072.25","minimumRequiredApiVersion":"2.2.0","hasComponent":"false","hasUnlockedComponent":"false","isUnifiedRootApp":"false","sienaVersion":"20220801T112713Z-3.22072.25.0"}</Tags>
      <IsCdsUpgraded>0</IsCdsUpgraded>
      <GalleryItemId xsi:nil="true"></GalleryItemId>
      <BackgroundColor>RGBA(0,176,240,1)</BackgroundColor>
      <DisplayName>SharePoint_List_Pagination</DisplayName>
      <Description xsi:nil="true"></Description>
      <CommitMessage xsi:nil="true"></CommitMessage>
      <Publisher xsi:nil="true"></Publisher>
      <AuthorizationReferences>[]</AuthorizationReferences>
      <ConnectionReferences>{"2322603f-deea-4512-bf83-9c519ebbffcb":{"id":"/providers/microsoft.powerapps/apis/shared_sharepointonline","displayName":"SharePoint","iconUri":"https://connectoricons-prod.azureedge.net/releases/v1.0.1588/1.0.1588.2938/sharepointonline/icon.png","dataSources":["testAD"],"dependencies":[],"dependents":["59719b4b-7235-4ef8-810e-0ef421b35b0f"],"parameterHints":{},"parameterHintsV2":{},"isOnPremiseConnection":false,"bypassConsent":false,"dataSets":{"https://dynftegcr.sharepoint.com/sites/testFlow":{"dataSources":{"testAD":{"tableName":"0b880913-5004-4e5a-9b12-12f50d86d6b5"}}}},"apiTier":"Standard","actions":["providers/PowerPlatform.Governance/Operations/Read"]},"59719b4b-7235-4ef8-810e-0ef421b35b0f":{"id":"/providers/microsoft.powerapps/apis/shared_logicflows","displayName":"Logic flows","iconUri":"https://connectoricons-prod.azureedge.net/releases/v1.0.1534/1.0.1534.2605/logicflows/icon.png","dataSources":["SharePoint_List_Pagination"],"dependencies":["2322603f-deea-4512-bf83-9c519ebbffcb"],"dependents":[],"parameterHints":{"workflowName":{"value":"e68a353f-c2a0-43b3-af2e-7abf60225492"},"workflowEntityId":{},"2322603f-deea-4512-bf83-9c519ebbffcb":{"value":"shared_sharepointonline"}},"parameterHintsV2":{"workflowName":{"value":"e68a353f-c2a0-43b3-af2e-7abf60225492"},"workflowEntityId":{},"shared_sharepointonline":{"value":"2322603f-deea-4512-bf83-9c519ebbffcb"}},"isOnPremiseConnection":false,"bypassConsent":false,"dataSets":{},"apiTier":"Standard","actions":["Run"]}}</ConnectionReferences>
      <DatabaseReferences>{}</DatabaseReferences>
      <AppComponents>[]</AppComponents>
      <AppComponentDependencies>[]</AppComponentDependencies>
      <CanConsumeAppPass>1</CanConsumeAppPass>
      <CanvasAppType>0</CanvasAppType>
      <BypassConsent>0</BypassConsent>
      <AdminControlBypassConsent>0</AdminControlBypassConsent>
      <EmbeddedApp xsi:nil="true"></EmbeddedApp>
      <IntroducedVersion>1.0</IntroducedVersion>
      <CdsDependencies>{"cdsdependencies":[]}</CdsDependencies>
      <IsCustomizable>1</IsCustomizable>
      <BackgroundImageUri>/CanvasApps/new_sharepointlistpagination_0fe16_BackgroundImageUri</BackgroundImageUri>
      <DocumentUri>/CanvasApps/new_sharepointlistpagination_0fe16_DocumentUri.msapp</DocumentUri>
    </CanvasApp>
  </CanvasApps>
  <Languages>
    <Language>1033</Language>
  </Languages>
</ImportExportXml>