{"schemaVersion":"1.0","appDefinitionTemplate":{"id":"/providers/Microsoft.PowerApps/apps/","type":"Microsoft.PowerApps/apps","tags":{"primaryDeviceWidth":"1366","primaryDeviceHeight":"768","sienaVersion":"20220801T124829Z-3.22072.25.0","deviceCapabilities":"","supportsPortrait":"true","supportsLandscape":"true","primaryFormFactor":"Tablet","publisherVersion":"3.22072.25","minimumRequiredApiVersion":"2.2.0","hasComponent":"false","hasUnlockedComponent":"false","isUnifiedRootApp":"false"},"properties":{"appVersion":"2022-08-01T12:48:29Z","lifeCycleId":"Published","createdByClientVersion":{"major":3,"minor":22072,"build":25,"revision":0,"majorRevision":0,"minorRevision":0},"minClientVersion":{"major":3,"minor":22072,"build":25,"revision":0,"majorRevision":0,"minorRevision":0},"backgroundColor":"RGBA(0,176,240,1)","backgroundImageUri":"/16317603280741566914/Nfd9fd141-8b86-4f38-99d4-0177c88e43c7-logoSmallFile","displayName":"Download File From Dataverse","description":"","commitMessage":"","appUris":{"documentUri":{"value":"/16317603280741566914/Ne0faaf72-9b20-4cbc-b03c-cf775b928fe1-document.msapp"},"imageUris":[],"additionalUris":[]},"createdTime":"0001-01-01T00:00:00Z","lastModifiedTime":"0001-01-01T00:00:00Z","sharedGroupsCount":0,"sharedUsersCount":0,"icons":{"smallIconUri":"/16317603280741566914/Nc0d354c5-39f3-4428-8167-ed3ca8b262fb-small.png","mediumIconUri":"/16317603280741566914/Nf3370492-bef8-4678-9101-313d7665bab4-medium.png","largeIconUri":"/16317603280741566914/Nea47e221-0f28-4f2a-a1f8-49dd3893feca-large.png","wideIconUri":"/16317603280741566914/Nfdd65343-b6b5-4e71-9109-a3e1750cd9c2-wide.png"},"connectionReferences":{"d4a02ee1-b310-4aa2-a56f-309c11a3c277":{"id":"34cbf72b-6cdf-4143-84b6-aac7166aecd7","displayName":"Logic flows","iconUri":"https://connectoricons-prod.azureedge.net/releases/v1.0.1534/1.0.1534.2605/logicflows/icon.png","dataSources":["DownloadFileFromDataverse"],"dependencies":["ac9ccf13-6506-48e2-86bd-47e061acf74d"],"dependents":[],"parameterHints":{"workflowName":{"value":"02af360f-4672-4fe0-863e-3f1620755ba0"},"workflowEntityId":{},"ac9ccf13-6506-48e2-86bd-47e061acf74d":{"value":"shared_commondataserviceforapps"}},"parameterHintsV2":{"workflowName":{"value":"02af360f-4672-4fe0-863e-3f1620755ba0"},"workflowEntityId":{},"shared_commondataserviceforapps":{"value":"ac9ccf13-6506-48e2-86bd-47e061acf74d"}},"isOnPremiseConnection":false,"bypassConsent":false,"dataSets":{},"apiTier":"Standard","isCustomApiConnection":false,"actions":["Run"],"nestedActions":[{"id":"/providers/Microsoft.PowerApps/apis/shared_commondataserviceforapps/apiOperations/GetEntityFileImageFieldContent","apiName":"Microsoft Dataverse","actionName":"GetEntityFileImageFieldContent","referencedResources":[]}]},"ac9ccf13-6506-48e2-86bd-47e061acf74d":{"id":"017065f8-c610-4d48-8e95-40074f28770a","displayName":"Microsoft Dataverse","iconUri":"https://connectoricons-prod.azureedge.net/releases/v1.0.1588/1.0.1588.2938/commondataserviceforapps/icon.png","dataSources":[],"dependencies":[],"dependents":["d4a02ee1-b310-4aa2-a56f-309c11a3c277"],"parameterHints":{},"parameterHintsV2":{},"isOnPremiseConnection":false,"bypassConsent":false,"dataSets":{},"apiTier":"Premium","isCustomApiConnection":false}},"databaseReferences":{"default.cds":{"databaseDetails":{"referenceType":"Environmental","environmentName":"default.cds","overrideValues":{"status":"NotSpecified"}},"dataSources":{"testTables":{"entitySetName":"cr971_testtables","logicalName":"cr971_testtable"}},"components":[{"componentName":"CustomControl","identifier":"raw_RAW.CanvasFileDownloader","identifierType":"LogicalName","capabilities":{"pcfExternalServiceUsageAllowed":false}}],"actions":["providers/PowerPlatform.Governance/Operations/Read"]}},"almMode":"Environment","performanceOptimizationEnabled":true,"canConsumeAppPass":true,"executionRestrictions":{"isTeamsOnly":false,"dataLossPreventionEvaluationResult":{"status":"Compliant","lastEvaluationDate":"2022-08-01T12:48:49.2607842Z","violations":[],"violationsByPolicy":[],"violationErrorMessage":"The app uses the following connectors: shared_logicflows, shared_commondataserviceforapps, shared_commondataservice."},"httpActionRestriction":{"appUsesSharepointHttpAction":false,"enforcementStrategy":"Legacy","evaluationTime":"2022-08-01T12:48:49.2606854Z"}}},"appType":"ClassicCanvasApp","appComponents":[]}}